"Name","Length","LastWriteTime"
"attribute_collection_errors.json","4","9/24/2026 10:51:06 AM"
"attribute_collection_metrics.json","254672","9/24/2026 10:51:06 AM"
"attribute_manifest.json","366","9/24/2026 10:51:06 AM"
"attributes.json","1433914","9/24/2026 10:51:06 AM"
"broken_relationship_review.json","14978","9/23/2026 10:42:29 AM"
"chore_collection_errors.json","4","9/24/2026 12:12:14 PM"
"chore_lineage_manifest.json","421","9/24/2026 12:12:14 PM"
"chore_relationship_validations.json","113142","9/24/2026 12:12:14 PM"
"chore_relationships.json","134460","9/24/2026 12:12:14 PM"
"chore_task_bindings.json","59597","9/24/2026 12:12:14 PM"
"chore_tasks.json","36893","9/24/2026 12:12:14 PM"
"control_objects.json","246996","9/23/2026 6:13:14 PM"
"cube_rule_definitions.json","502732","9/23/2026 6:14:12 PM"
"data_source_collection_errors.json","4","9/24/2026 12:24:26 PM"
"data_source_manifest.json","486","9/24/2026 12:24:26 PM"
"dynamic_reference_profile_summary.json","3707","9/23/2026 6:14:14 PM"
"external_data_sources.json","4","9/24/2026 12:24:26 PM"
"hierarchies.json","547234","9/24/2026 11:08:52 AM"
"hierarchy_collection_errors.json","4","9/24/2026 11:08:52 AM"
"hierarchy_collection_metrics.json","149697","9/24/2026 11:08:52 AM"
"hierarchy_manifest.json","396","9/24/2026 11:08:52 AM"
"hierarchy_relationship_validations.json","421747","9/24/2026 11:08:52 AM"
"hierarchy_relationships.json","466934","9/24/2026 11:08:52 AM"
"manifest.json","2215","9/23/2026 6:13:14 PM"
"metadata_errors.json","4","9/23/2026 6:13:14 PM"
"objects.json","423920","9/23/2026 6:13:13 PM"
"operational_dependencies.json","15458","9/24/2026 12:36:57 PM"
"operational_dependency_errors.json","4","9/24/2026 12:36:57 PM"
"operational_dependency_manifest.json","895","9/24/2026 12:36:57 PM"
"operational_relationship_validations.json","63512","9/24/2026 12:36:57 PM"
"operational_relationships.json","60278","9/24/2026 12:36:57 PM"
"process_data_source_relationships.json","4","9/24/2026 12:24:26 PM"
"process_data_source_validations.json","4","9/24/2026 12:24:26 PM"
"process_data_sources.json","4","9/24/2026 12:24:26 PM"
"regular_objects.json","176929","9/23/2026 6:13:14 PM"
"rule_function_profile.json","35085","9/22/2026 11:43:31 AM"
"rule_function_review_queue.json","26591","9/22/2026 11:09:14 AM"
"rule_lineage_manifest.json","576","9/23/2026 6:14:12 PM"
"rule_parser_coverage.json","621","9/22/2026 11:43:31 AM"
"rule_relationship_evidence.json","621760","9/23/2026 6:14:12 PM"
"rule_relationship_validations.json","283853","9/23/2026 6:14:12 PM"
"rule_relationships.json","131040","9/23/2026 6:14:12 PM"
"subset_collection_errors.json","4","9/24/2026 11:33:02 AM"
"subset_collection_metrics.json","2927799","9/24/2026 11:33:02 AM"
"subset_manifest.json","413","9/24/2026 11:33:02 AM"
"subset_relationship_validations.json","12279931","9/24/2026 11:33:02 AM"
"subset_relationships.json","12194803","9/24/2026 11:33:02 AM"
"subsets.json","9511064","9/24/2026 11:33:02 AM"
"ti_deferred_reference_inventory.json","37291","9/24/2026 9:05:17 AM"
"ti_lineage_manifest.json","1655","9/24/2026 9:05:17 AM"
"ti_missing_object_candidates.json","7692","9/24/2026 9:05:17 AM"
"ti_parameter_aliases.json","565662","9/24/2026 9:05:17 AM"
"ti_parameter_bindings.json","3019259","9/24/2026 9:05:17 AM"
"ti_parameter_provenance_summary.json","556","9/23/2026 4:21:25 PM"
"ti_parameter_resolution_candidates.json","15451","9/23/2026 4:21:25 PM"
"ti_parameter_resolution_metrics.json","568","9/24/2026 9:05:17 AM"
"ti_parameter_resolution_rejections.json","44978","9/24/2026 9:05:17 AM"
"ti_process_definitions.json","2172845","9/24/2026 9:05:16 AM"
"ti_process_parameters.json","185882","9/24/2026 9:05:16 AM"
"ti_relationship_evidence.json","4216171","9/24/2026 9:05:16 AM"
"ti_relationship_validations.json","4155859","9/24/2026 9:05:16 AM"
"ti_relationships.json","2041308","9/24/2026 9:05:16 AM"
"view_collection_errors.json","4","9/24/2026 11:41:56 AM"
"view_collection_metrics.json","82071","9/24/2026 11:41:56 AM"
"view_manifest.json","403","9/24/2026 11:41:56 AM"
"view_relationship_validations.json","1070845","9/24/2026 11:41:56 AM"
"view_relationships.json","1099938","9/24/2026 11:41:56 AM"
"views.json","1959020","9/24/2026 11:41:55 AM"
